"","state","Lat","Lon","Total","BNT","BNI","TBT","BBI","TBI","TBIR","year_start","year_end"
"1","ME",47.34,-69.14,103,0.495145631,0.126213592,0.368932039,0.009708738,0,0,1662,1835
"2","ME",47.1615,-69.4455,56,0.553571429,0.142857143,0.214285715,0.089285714,0,0,1662,1835
"3","ME",47.151,-68.135,75,0.44,0.253333333,0.293333334,0,0,0,1662,1835
"4","ME",47.15,-68.599,70,0.314285714,0.171428572,0.514285714,0,0,0,1662,1835
"5","ME",47.143,-68.379,98,0.489795919,0.214285714,0.275510204,0.010204082,0,0,1662,1835
"6","ME",47.14,-69.03,89,0.438202248,0.146067416,0.348314606,0.02247191,0,0,1662,1835
"7","ME",47.11,-67.94,74,0.567567568,0.148648649,0.256756758,0,0,0,1662,1835
"8","ME",46.98,-69.49,96,0.416666667,0.197916666,0.3125,0.052083333,0,0,1662,1835
"9","ME",46.97846,-68.13091,420,0.404255319,0.210401891,0.360081054,0,0,0,1662,1835
"10","ME",46.976,-69.139,58,0.379310344,0.275862069,0.344827586,0,0,0,1662,1835
"11","ME",46.974,-68.887,61,0.426229508,0.180327869,0.37704918,0,0,0,1662,1835
"12","ME",46.964,-68.6166,51,0.392156863,0.176470588,0.431372549,0,0,0,1662,1835
"13","ME",46.91,-68.38,84,0.428571428,0.202380952,0.357142857,0,0,0,1662,1835
"14","ME",46.85,-67.93,51,0.333333334,0.137254902,0.529411765,0,0,0,1662,1835
"15","ME",46.8055,-69.672,68,0.514705883,0.220588236,0.264705882,0,0,0,1662,1835
"16","ME",46.8,-69.41,55,0.418181818,0.181818182,0.399999999,0,0,0,1662,1835
"17","ME",46.795,-68.886,51,0.509803922,0.215686275,0.274509803,0,0,0,1662,1835
"18","ME",46.7945,-68.624,49,0.285714286,0.285714286,0.36734694,0,0,0,1662,1835
"19","ME",46.793,-69.155,51,0.470588235,0.117647059,0.392156863,0.019607843,0,0,1662,1835
"20","ME",46.789,-68.122,49,0.265306123,0.224489796,0.469387755,0,0,0,1662,1835
"21","ME",46.7009,-68.2394,71,0.366197183,0.338028169,0.253521127,0,0,0,1662,1835
"22","ME",46.615,-69.14,53,0.603773585,0.056603774,0.339622642,0,0,0,1662,1835
"23","ME",46.61415,-68.10668,142,0.514084507,0.183098592,0.239436621,0.014084507,0,0,1662,1835
"24","ME",46.6097,-69.4045,53,0.490566037,0.245283019,0.245283019,0.018867925,0,0,1662,1835
"25","ME",46.607,-69.682,51,0.450980392,0.333333333,0.215686274,0,0,0,1662,1835
"26","ME",46.606,-68.889,46,0.413043478,0.152173913,0.391304348,0,0,0,1662,1835
"27","ME",46.606,-68.364,51,0.62745098,0.078431373,0.294117646,0,0,0,1662,1835
"28","ME",46.604,-68.621,59,0.338983051,0.101694915,0.559322034,0,0,0,1662,1835
"29","ME",46.58,-67.92,68,0.397058823,0.088235294,0.5,0,0,0,1662,1835
"30","ME",46.439,-69.666,73,0.520547945,0.191780822,0.232876712,0,0,0,1662,1835
"31","ME",46.439,-69.403,59,0.457627119,0.271186441,0.237288136,0,0,0,1662,1835
"32","ME",46.439,-68.886,49,0.408163265,0.204081632,0.367346939,0,0,0,1662,1835
"33","ME",46.437,-69.147,52,0.403846154,0.153846154,0.384615385,0.019230769,0,0,1662,1835
"34","ME",46.436,-69.918,69,0.478260869,0.231884058,0.15942029,0.014492754,0,0,1662,1835
"35","ME",46.431,-68.641,47,0.340425532,0.212765958,0.446808509,0,0,0,1662,1835
"36","ME",46.425,-68.108,57,0.438596491,0.122807018,0.333333333,0,0,0,1662,1835
"37","ME",46.36,-68.37,84,0.416666666,0.095238095,0.452380953,0,0,0,1662,1835
"38","ME",46.27,-67.845,49,0.326530612,0.183673469,0.408163265,0,0,0,1662,1835
"39","ME",46.263,-70.174,49,0.469387755,0.163265306,0.346938775,0,0,0,1662,1835
"40","ME",46.26,-69.66,83,0.373493976,0.108433735,0.445783133,0,0,0,1662,1835
"41","ME",46.259,-69.902,62,0.677419355,0.080645161,0.225806452,0,0,0,1662,1835
"42","ME",46.258,-69.144,56,0.446428571,0.232142857,0.267857143,0.017857143,0,0,1662,1835
"43","ME",46.256,-69.416,62,0.548387097,0.177419355,0.241935484,0,0,0,1662,1835
"44","ME",46.24,-68.77,71,0.352112676,0.338028169,0.239436619,0,0,0,1662,1835
"45","ME",46.15,-68.14,99,0.303030303,0.151515151,0.404040405,0,0,0,1662,1835
"46","ME",46.083,-68.879,50,0.44,0.16,0.34,0,0,0,1662,1835
"47","ME",46.08,-69.921,51,0.509803921,0.176470588,0.294117647,0,0,0,1662,1835
"48","ME",46.08,-69.405,52,0.480769231,0.134615384,0.346153847,0.019230769,0,0,1662,1835
"49","ME",46.08,-68.48,82,0.195121951,0.170731707,0.585365854,0,0,0,1662,1835
"50","ME",46.075,-70.18,74,0.527027027,0.040540541,0.41891892,0,0,0,1662,1835
"51","ME",46.07,-69.666,67,0.477611941,0.104477612,0.388059701,0.014925373,0,0,1662,1835
"52","ME",46,-69.14,89,0.494382023,0.168539326,0.269662921,0,0.011235955,0,1662,1835
"53","ME",45.97,-67.98,109,0.366972477,0.165137615,0.385321102,0,0,0,1662,1835
"54","ME",45.933,-70.156,59,0.542372881,0.13559322,0.288135594,0.016949153,0,0,1662,1835
"55","ME",45.9,-67.85,614,0.379478827,0.114006514,0.379478826,0.001628664,0,0,1662,1835
"56","ME",45.897,-68.365,50,0.22,0.14,0.56,0,0,0,1662,1835
"57","ME",45.89597,-68.4966,48,0.244897959,0.12244898,0.514880953,0,0,0,1662,1835
"58","ME",45.8796,-69.40497,151,0.38410596,0.198675497,0.337748345,0,0,0,1662,1835
"59","ME",45.84,-69.74,60,0.266666666,0.15,0.5,0.066666667,0,0,1662,1835
"60","ME",45.80767,-68.3267,124,0.14516129,0.169354839,0.572580645,0,0,0,1662,1835
"61","ME",45.7981,-69.4196,213,0.511737089,0.136150235,0.291079813,0,0,0,1662,1835
"62","ME",45.7946,-69.9821,138,0.427536232,0.15942029,0.384057971,0.007246377,0.014492754,0,1662,1835
"63","ME",45.721,-68.629,50,0.22,0.18,0.38,0.08,0,0,1662,1835
"64","ME",45.71,-68.07,135,0.333333333,0.118518518,0.414814815,0,0,0,1662,1835
"65","ME",45.702,-69.38,70,0.428571429,0.128571429,0.385714285,0,0,0,1662,1835
"66","ME",45.702,-69.128,51,0.392156863,0.039215686,0.431372549,0,0,0,1662,1835
"67","ME",45.676,-68.374,53,0.188679246,0.20754717,0.490566038,0,0,0,1662,1835
"68","ME",45.64,-69.87,131,0.312977099,0.221374046,0.419847328,0.015267176,0,0,1662,1835
"69","ME",45.63,-70.08,281,0.537366548,0.078291815,0.345195729,0,0,0,1662,1835
"70","ME",45.60645,-70.18909,209,0.492822967,0.071770335,0.406698565,0.004784689,0,0,1662,1835
"71","ME",45.56,-70.52,81,0.555555555,0.061728395,0.333333333,0,0,0,1662,1835
"72","ME",45.538233,-68.3705,63,0.238095238,0.158730159,0.46031746,0,0,0.015873016,1662,1835
"73","ME",45.51,-69.37,47,0.361702128,0.063829787,0.44680851,0.063829787,0,0,1662,1835
"74","ME",45.471,-68.345,136,0.213235294,0.161764706,0.448529412,0,0,0.007352941,1662,1835
"75","ME",45.43313,-67.92417,296,0.304054054,0.097972973,0.496621622,0.003378378,0,0,1662,1835
"76","ME",45.3618,-70.5538,70,0.628571428,0.057142857,0.285714285,0.014285714,0,0,1662,1835
"77","ME",45.3563,-67.63225,122,0.180327869,0.139344262,0.524590163,0,0,0,1662,1835
"78","ME",45.3478,-68.142,71,0.169014085,0.197183098,0.436619718,0.014084507,0,0,1662,1835
"79","ME",45.29,-68.96,132,0.174242424,0.083333334,0.462121212,0.007575758,0,0.015151515,1662,1835
"80","ME",45.2682,-70.9166,65,0.646153846,0,0.353846154,0,0,0,1662,1835
"81","ME",45.25446,-70.63631,75,0.38961039,0.194805195,0.286406927,0.025974026,0.038961039,0,1662,1835
"82","ME",45.24,-69.48,51,0.156862745,0.078431372,0.490196078,0.019607843,0,0,1662,1835
"83","ME",45.2324,-68.3828,169,0.094674556,0.065088758,0.568047337,0,0,0,1662,1835
"84","ME",45.23,-68.51,294,0.108843537,0.129251701,0.469387754,0,0,0,1662,1835
"85","ME",45.18,-70.49,207,0.487922705,0.062801932,0.420289855,0.004830918,0,0,1662,1835
"86","ME",45.18,-69.15,53,0.037735849,0.150943397,0.603773585,0,0,0,1662,1835
"87","ME",45.17,-68.72,260,0.184615385,0.157692308,0.403846155,0.015384615,0,0.042307692,1662,1835
"88","ME",45.161,-70.7466,69,0.637681159,0.014492754,0.289855073,0,0,0,1662,1835
"89","ME",45.11,-70.94,101,0.495049505,0.04950495,0.455445544,0,0,0,1662,1835
"90","ME",45.08,-68.58,104,0.173076923,0.115384615,0.39423077,0.028846154,0,0.038461538,1662,1835
"91","ME",45.06,-70.45,52,0.423076923,0.057692307,0.480769231,0,0,0,1662,1835
"92","ME",45.03,-70.69,73,0.506849315,0.02739726,0.452054795,0,0,0,1662,1835
"93","ME",45.016167,-69.889085,108,0.046296296,0.027777778,0.703703704,0.027777778,0,0.018518519,1662,1835
"94","ME",45.01,-69.09,67,0.268656716,0.029850746,0.477611941,0,0,0.074626866,1662,1835
"95","NH",45.00613,-71.29574,176,0.505681818,0.011363636,0.420454546,0,0.011363636,0,1673,1850
"96","ME",44.99,-67.11,247,0.352226721,0.230769231,0.24291498,0.08097166,0,0,1662,1835
"97","ME",44.95,-67.22,148,0.5,0.182432432,0.155405405,0.033783784,0,0,1662,1835
"98","ME",44.924335,-69.871485,100,0.09,0.07,0.61,0,0,0.01,1662,1835
"99","ME",44.91,-70.93,122,0.336065574,0.139344262,0.467213115,0.024590164,0,0,1662,1835
"100","ME",44.91,-68.71,294,0.078231293,0.200680272,0.43537415,0.003401361,0,0.027210884,1662,1835
"101","ME",44.85,-68.61,63,0.126984127,0.190476191,0.301587302,0.079365079,0,0.063492063,1662,1835
"102","ME",44.84,-67.02,108,0.675925926,0.037037037,0.268518519,0.009259259,0,0,1662,1835
"103","ME",44.83,-69.8,93,0.17204301,0.053763441,0.569892473,0,0,0,1662,1835
"104","ME",44.83,-68.78,130,0.146153846,0.130769231,0.299999999,0.076923077,0,0.130769231,1662,1835
"105","ME",44.8277,-70.6042,194,0.453608247,0.010309278,0.484536083,0,0,0,1662,1835
"106","ME",44.81,-69.32,112,0.160714285,0.142857143,0.428571428,0,0,0.017857143,1662,1835
"107","ME",44.81,-68.91,68,0.058823529,0.147058824,0.602941176,0.058823529,0,0.044117647,1662,1835
"108","ME",44.7976,-70.0946,72,0.194444445,0.055555556,0.541666667,0.013888889,0,0,1662,1835
"109","NH",44.77,-71.14,235,0.629787234,0.029787234,0.306382978,0.004255319,0,0,1673,1850
"110","NH",44.7631,-71.271,256,0.6015625,0.0390625,0.34765625,0,0,0,1673,1850
"111","ME",44.75,-69.71,94,0.085106383,0.063829787,0.436170212,0.053191489,0,0.053191489,1662,1835
"112","ME",44.75,-67.16,60,0.683333333,0.133333334,0.183333333,0,0,0,1662,1835
"113","ME",44.75,-68.75,81,0.049382716,0.209876543,0.419753086,0.037037037,0,0.012345679,1662,1835
"114","NH",44.74,-71.58,251,0.350597609,0.003984064,0.557768924,0,0,0,1673,1850
"115","ME",44.73,-68.93,240,0.175,0.104166666,0.416666667,0.016666667,0.008333333,0.0125,1662,1835
"116","ME",44.7,-67.43,76,0.605263157,0.065789474,0.184210525,0,0.013157895,0,1662,1835
"117","ME",44.69,-69.97,89,0.146067416,0.033707865,0.561797753,0,0,0.033707865,1662,1835
"118","ME",44.66,-67.59,48,0.854166667,0.020833333,0.125,0,0,0,1662,1835
"119","ME",44.6418,-70.59992,316,0.430379747,0.022151899,0.329113923,0,0,0,1662,1835
"120","ME",44.64,-68.75,73,0.082191781,0.287671233,0.301369863,0.082191781,0,0.082191781,1662,1835
"121","ME",44.63,-68.9,232,0.232758621,0.064655173,0.508620689,0.012931034,0,0.030172414,1662,1835
"122","ME",44.62,-67.85,48,0.270833334,0.145833334,0.354166666,0.083333333,0,0,1662,1835
"123","ME",44.61,-69.63,51,0.117647059,0.078431372,0.411764707,0,0.019607843,0.098039216,1662,1835
"124","ME",44.61,-69.05,85,0.105882353,0.023529412,0.6,0,0,0.011764706,1662,1835
"125","ME",44.61,-68.31,58,0.310344827,0.189655173,0.327586207,0.103448276,0,0,1662,1835
"126","ME",44.6,-69.2,114,0.157894737,0.01754386,0.622807017,0,0,0,1662,1835
"127","ME",44.57,-68.69,156,0.230769231,0.128205128,0.442307691,0.012820513,0,0.025641026,1662,1835
"128","ME",44.56,-68.49,278,0.212230216,0.06115108,0.54676259,0,0,0.003597122,1662,1835
"129","ME",44.54214,-70.622741,887,0.103720406,0.049605411,0.636978579,0.022547914,0.002254791,0.040586246,1662,1835
"130","ME",44.53,-68.16,172,0.575581395,0.180232558,0.116279069,0.011627907,0,0.034883721,1662,1835
"131","ME",44.52,-68.89,314,0.331210191,0.057324841,0.49044586,0.015923567,0,0.003184713,1662,1835
"132","ME",44.518,-69.215,76,0.118421052,0.078947369,0.526315789,0,0,0,1662,1835
"133","ME",44.5,-68.54,100,0.44,0.15,0.29,0.01,0,0.07,1662,1835
"134","ME",44.49,-69.06,144,0.180555556,0.041666666,0.618055555,0,0,0.006944444,1662,1835
"135","NH",44.473,-71.56,63,0.349206349,0.031746032,0.555555556,0,0.015873016,0,1673,1850
"136","ME",44.46,-68.75,93,0.322580645,0.139784946,0.301075269,0.032258065,0,0.096774194,1662,1835
"137","ME",44.44,-69.04,289,0.387543252,0.02768166,0.42214533,0.003460208,0,0.044982699,1662,1835
"138","ME",44.44,-69.28,235,0.153191489,0.034042553,0.595744681,0.004255319,0.004255319,0.008510638,1662,1835
"139","ME",44.43,-69.67,72,0.055555556,0.083333333,0.486111111,0,0.013888889,0.236111111,1662,1835
"140","ME",44.42,-70.19,201,0.074626866,0.039800995,0.502487563,0.024875622,0,0.044776119,1662,1835
"141","ME",44.42,-68.54,86,0.430232558,0.209302326,0.220930233,0.011627907,0,0.093023256,1662,1835
"142","ME",44.3937,-69.4416,116,0.129310345,0.00862069,0.646551725,0,0.00862069,0,1662,1835
"143","ME",44.39,-69.18,96,0.135416667,0.020833333,0.572916667,0.020833333,0,0.010416667,1662,1835
"144","ME",44.3892,-70.5914,58,0.172413793,0.051724138,0.465517241,0,0,0,1662,1835
"145","ME",44.36,-68.28,171,0.415204679,0.210526316,0.251461987,0.046783626,0,0.052631579,1662,1835
"146","ME",44.33,-69.04,199,0.281407036,0.065326634,0.391959799,0,0.005025126,0.020100503,1662,1835
"147","ME",44.32,-69.29,323,0.238390093,0.046439628,0.470588235,0,0.00619195,0.00619195,1662,1835
"148","ME",44.31,-68.91,109,0.348623853,0.082568808,0.458715596,0,0,0.036697248,1662,1835
"149","NH",44.2817,-71.6917,68,0.588235294,0,0.397058823,0,0,0,1673,1850
"150","ME",44.28,-70.51,50,0.2,0.06,0.54,0.02,0,0,1662,1835
"151","NH",44.2767,-71.4083,76,0.486842105,0,0.394736842,0,0,0,1673,1850
"152","ME",44.26,-69.76,96,0.03125,0.09375,0.447916666,0.010416667,0.010416667,0.21875,1662,1835
"153","ME",44.2258,-70.6071,100,0.02,0.13,0.56,0.01,0.01,0.09,1662,1835
"154","ME",44.22,-69.15,63,0.142857142,0.206349207,0.380952382,0.031746032,0,0.142857143,1662,1835
"155","ME",44.22,-69.29,50,0.12,0.04,0.46,0.04,0,0.16,1662,1835
"156","ME",44.1997,-70.7258,57,0.175438597,0.070175439,0.456140352,0,0,0.035087719,1662,1835
"157","NH",44.19,-71.13,57,0.01754386,0.035087719,0.807017545,0.01754386,0,0,1673,1850
"158","ME",44.14,-69.23,126,0.182539683,0.103174603,0.460317461,0,0,0.182539683,1662,1835
"159","ME",44.1087,-69.3912,174,0.218390805,0.109195402,0.373563217,0.017241379,0,0.08045977,1662,1835
"160","NH",44.1,-71.66,108,0.518518519,0.009259259,0.425925926,0,0,0,1673,1850
"161","ME",44.1,-69.14,98,0.357142857,0.132653061,0.367346939,0,0,0.112244898,1662,1835
"162","ME",44.09,-68.86,231,0.584415585,0.051948052,0.290043291,0,0,0.012987013,1662,1835
"163","ME",44.0693,-69.6881,186,0.096774193,0.225806452,0.247311827,0.010752688,0,0.23655914,1662,1835
"164","ME",44.068,-70.305,222,0.148648649,0.121621622,0.51801802,0.009009009,0,0.058558559,1662,1835
"165","ME",44.0541,-70.9425,317,0.050473186,0.19873817,0.410094636,0.059936909,0,0.195583596,1662,1835
"166","ME",44.0517,-69.5714,151,0.059602649,0.264900663,0.238410596,0.01986755,0.01986755,0.225165563,1662,1835
"167","ME",44.0428,-70.6871,268,0.082089552,0.078358209,0.593283583,0.02238806,0,0.082089552,1662,1835
"168","NH",44.04,-71.2433,159,0.125786163,0.044025157,0.591194969,0.006289308,0,0.025157233,1673,1850
"169","ME",44.039,-70.397,90,0.011111111,0.244444444,0.266666667,0.1,0,0.366666667,1662,1835
"170","NH",44.0383,-71.8767,159,0.270440252,0,0.704402516,0,0,0,1673,1850
"171","ME",44.0277,-69.2199,58,0.5,0.086206897,0.189655172,0,0,0.189655172,1662,1835
"172","NH",44.0183,-71.0717,588,0.120748299,0.295918367,0.346938776,0.039115646,0.00170068,0.078231293,1673,1850
"173","NH",44,-71.73,216,0.462962963,0,0.449074074,0,0,0,1673,1850
"174","ME",43.9693,-69.6297,99,0.333333333,0.212121212,0.191919192,0.050505051,0,0.01010101,1662,1835
"175","ME",43.969,-70.2812,246,0.117886179,0.028455285,0.512195122,0.004065041,0,0.004065041,1662,1835
"176","ME",43.96,-69.97,54,0.203703704,0.148148148,0.462962965,0,0,0.092592593,1662,1835
"177","ME",43.96,-70.48,64,0,0.15625,0.5,0.03125,0,0.0625,1662,1835
"178","ME",43.96,-69.79,179,0.094972067,0.212290502,0.25698324,0.011173184,0,0.245810056,1662,1835
"179","ME",43.9508,-69.4973,396,0.242424243,0.118686869,0.285353535,0.015151515,0.002525253,0.227272727,1662,1835
"180","ME",43.93,-70.88,275,0.043636364,0.28,0.396363636,0.036363636,0,0.123636364,1662,1835
"181","NH",43.905,-72.0817,145,0.186206897,0.013793103,0.565517241,0.034482759,0,0.006896552,1673,1850
"182","ME",43.8859,-70.353,76,0.131578947,0.092105263,0.434210527,0.118421053,0,0.052631579,1662,1835
"183","ME",43.865,-69.6307,307,0.32247557,0.169381107,0.241042346,0.029315961,0,0.110749186,1662,1835
"184","ME",43.8464,-69.7886,184,0.288043478,0.190217392,0.206521739,0.005434783,0.010869565,0.179347826,1662,1835
"185","ME",43.8433,-70.1763,374,0.171122995,0.042780749,0.457219252,0.002673797,0.002673797,0.069518717,1662,1835
"186","NH",43.84,-71.81,572,0.239510489,0.02972028,0.510489511,0,0.001748252,0.027972028,1673,1850
"187","NH",43.82,-71.65,476,0.163865547,0.050420168,0.533613444,0,0.006302521,0.018907563,1673,1850
"188","NH",43.77,-71.98,180,0.361111111,0,0.538888889,0,0,0,1673,1850
"189","NH",43.74,-71.5883,267,0.007490637,0.086142322,0.411985019,0.011235955,0,0.382022472,1673,1850
"190","NH",43.74,-71.1,180,0.077777778,0.355555556,0.311111112,0.044444444,0,0.116666667,1673,1850
"191","NH",43.74,-71.86,52,0.192307692,0,0.557692307,0,0,0,1673,1850
"192","NH",43.7374,-71.72766,149,0.060402685,0.040268456,0.657718121,0.006711409,0,0.067114094,1673,1850
"193","NH",43.71,-72.21,472,0.033898305,0.019067797,0.705508475,0.004237288,0,0.008474576,1673,1850
"194","ME",43.695,-70.2987,594,0.03030303,0.227272727,0.234006734,0.025252525,0.006734006,0.378787879,1662,1835
"195","ME",43.65,-70.54,167,0.047904192,0.131736527,0.473053894,0.05988024,0,0.161676647,1662,1835
"196","NH",43.6433,-72.2617,535,0.003738318,0.138317757,0.54953271,0.001869159,0.003738318,0.041121495,1673,1850
"197","ME",43.5833,-70.3517,482,0.058091287,0.278008299,0.323651453,0.018672199,0.006224067,0.168049793,1662,1835
"198","NH",43.5797,-71.5838,121,0.008264463,0.173553719,0.43801653,0,0,0.20661157,1673,1850
"199","NH",43.56,-72.29,179,0,0.083798883,0.597765364,0,0,0.005586592,1673,1850
"200","NH",43.53,-72.16,250,0.228,0.016,0.552,0,0.008,0,1673,1850
"201","ME",43.51,-70.44,131,0.015267176,0.297709924,0.152671756,0.015267176,0.007633588,0.458015267,1662,1835
"202","ME",43.5,-70.65,86,0.011627907,0.406976744,0.11627907,0.034883721,0,0.395348837,1662,1835
"203","NH",43.4564,-71.411,69,0.086956522,0.101449275,0.536231884,0.014492754,0.014492754,0.115942029,1673,1850
"204","ME",43.42,-70.49,211,0.033175355,0.289099526,0.317535544,0.014218009,0,0.303317536,1662,1835
"205","NH",43.38,-71.77,1023,0.013685239,0.099706745,0.586510264,0.008797654,0.000977517,0.138807429,1673,1850
"206","NH",43.38,-72.34,133,0.030075188,0.135338346,0.511278196,0,0.007518797,0.030075188,1673,1850
"207","NH",43.37,-72.21,491,0.138492872,0.022403259,0.553971487,0.00203666,0,0,1673,1850
"208","NH",43.37,-71.23,98,0.081632653,0.132653061,0.428571429,0,0,0.214285714,1673,1850
"209","NH",43.352,-71.55,845,0.040236686,0.217751479,0.413017753,0,0,0.184615385,1673,1850
"210","ME",43.35,-70.59,104,0,0.490384615,0.153846154,0.048076923,0,0.259615385,1662,1835
"211","NH",43.3217,-71.4383,367,0.079019073,0.177111717,0.501362398,0.005449591,0,0.054495913,1673,1850
"212","ME",43.32,-70.81,150,0,0.22,0.273333334,0.02,0.013333333,0.42,1662,1835
"213","NH",43.31,-71.69,373,0.013404826,0.222520107,0.345844504,0.029490617,0,0.257372654,1673,1850
"214","NH",43.295,-72.2583,153,0.065359477,0.006535948,0.777777778,0,0,0.006535948,1673,1850
"215","NH",43.27,-71.83,797,0.056461731,0.102885822,0.614805521,0.007528231,0.00250941,0.067754078,1673,1850
"216","NH",43.2483,-72.3817,113,0,0.203539823,0.389380532,0.008849558,0.017699115,0.212389381,1673,1850
"217","NH",43.24,-71.56,1551,0.003223727,0.341070277,0.202450032,0.016118633,0.000644745,0.373952289,1673,1850
"218","NH",43.2305,-72.1836,195,0.271794872,0,0.55897436,0,0,0,1673,1850
"219","NH",43.23,-71.95,56,0.017857143,0.035714286,0.714285715,0.035714286,0,0.017857143,1673,1850
"220","NH",43.204,-70.88,145,0.006896552,0.24137931,0.165517241,0.013793103,0.006896552,0.510344828,1673,1850
"221","NH",43.19,-72.07,110,0.036363636,0.009090909,0.818181818,0,0,0,1673,1850
"222","NH",43.1817,-71.4483,350,0.002857143,0.314285714,0.24,0.011428571,0,0.322857143,1673,1850
"223","NH",43.1717,-71.8217,152,0.026315789,0.059210526,0.592105263,0,0,0.111842105,1673,1850
"224","ME",43.165,-70.66,938,0.010660981,0.153518124,0.321961621,0.012793177,0.00533049,0.315565032,1662,1835
"225","NH",43.14,-72.235,909,0.171617162,0.0220022,0.545654565,0.00550055,0,0.00440044,1673,1850
"226","ME",43.13,-70.76,180,0,0.133333333,0.405555555,0.005555556,0.005555556,0.322222222,1662,1835
"227","NH",43.088,-70.9351,188,0.010638298,0.159574468,0.340425532,0.015957447,0.026595745,0.292553191,1673,1850
"228","NH",43.05,-71.97,149,0.020134228,0.013422819,0.731543624,0.006711409,0,0.053691275,1673,1850
"229","NH",43.0231,-72.3293,119,0,0.016806723,0.563025211,0,0.016806723,0.058823529,1673,1850
"230","NH",43.02,-72.11,221,0.049773756,0.058823529,0.588235294,0.009049774,0,0.135746606,1673,1850
"231","NH",43.01,-71.28,2084,0.005278311,0.323416507,0.292706333,0.013435701,0.005278311,0.240882917,1673,1850
"232","NH",43.01,-70.76,63,0,0.079365079,0.603174603,0,0,0.047619048,1673,1850
"233","NH",43,-71.48,106,0,0.566037736,0.132075472,0,0.018867924,0.283018868,1673,1850
"234","NH",42.95,-72.31,650,0.053846154,0.150769231,0.40923077,0.02,0.006153846,0.055384615,1673,1850
"235","NH",42.94,-71.53,101,0,0.663366337,0.03960396,0,0,0.267326733,1673,1850
"236","NH",42.925,-71.061,865,0,0.115606936,0.482080925,0.05433526,0.003468208,0.265895954,1673,1850
"237","NH",42.91,-71.81,90,0.1,0.144444444,0.422222223,0,0,0.155555556,1673,1850
"238","NH",42.89,-71.63,87,0,0.310344828,0.298850575,0,0.011494253,0.32183908,1673,1850
"239","NH",42.8893,-72.4607,124,0.008064516,0.064516129,0.499999999,0,0.016129032,0.10483871,1673,1850
"240","NH",42.8717,-71.3617,604,0.003311258,0.36589404,0.137417219,0.021523179,0.024834437,0.433774834,1673,1850
"241","NH",42.8562,-72.2912,440,0.013636364,0.197727273,0.350000001,0.004545455,0,0.168181818,1673,1850
"242","NH",42.8,-72.42,358,0.008379888,0.203910615,0.37150838,0.005586592,0.025139665,0.159217877,1673,1850
"243","NH",42.79,-71.5,481,0.002079002,0.232848233,0.141372141,0.014553015,0.014553014,0.588357588,1673,1850
"244","NH",42.79,-72.05,95,0.052631579,0.178947368,0.421052631,0.010526316,0,0.010526316,1673,1850
"245","NH",42.77,-72.28,62,0,0.064516129,0.532258065,0,0,0.161290323,1673,1850
"246","NH",42.755,-71.92,126,0.071428571,0.007936508,0.698412699,0.015873016,0,0,1673,1850
"247","VT",44.97,-72.76,112,0.044642857,0,0.803571428,0,0,0,1763,1820
"248","VT",44.97,-72.99,53,0,0.056603774,0.716981133,0,0,0.018867925,1763,1820
"249","VT",44.9683,-72.485,135,0.348148148,0.014814814,0.518518518,0,0,0,1763,1820
"250","VT",44.9583,-71.6983,114,0.719298245,0,0.271929824,0,0,0,1763,1820
"251","VT",44.9512,-72.3036,534,0.269662921,0.043071161,0.558052434,0,0,0,1763,1820
"252","VT",44.8933,-71.5767,91,0.406593407,0,0.582417583,0,0,0,1763,1820
"253","VT",44.882,-73.09,361,0.022160665,0.033240997,0.639889196,0,0,0,1763,1820
"254","VT",44.88,-72.04,86,0.418604651,0.034883721,0.511627908,0,0,0,1763,1820
"255","VT",44.83,-72.76,111,0.072072072,0,0.72072072,0,0,0.009009009,1763,1820
"256","VT",44.81,-72.2833,184,0.282608696,0.010869565,0.581521739,0,0,0,1763,1820
"257","VT",44.81,-72.92,110,0.018181818,0.018181818,0.799999999,0,0,0.009090909,1763,1820
"258","VT",44.8,-72.45,60,0.2,0.033333333,0.616666667,0,0,0,1763,1820
"259","VT",44.79,-71.66,71,0.366197183,0.056338028,0.478873239,0,0,0,1763,1820
"260","VT",44.7617,-72.0167,120,0.275,0,0.700000001,0,0,0,1763,1820
"261","VT",44.75,-71.79,81,0.481481481,0.037037037,0.407407407,0.012345679,0,0,1763,1820
"262","VT",44.74,-73.1243,178,0,0.050561798,0.786516854,0.005617978,0.005617978,0.011235955,1763,1820
"263","VT",44.7067,-71.9267,69,0.376811594,0.043478261,0.550724638,0,0,0,1763,1820
"264","VT",44.7,-73.02,180,0.016666667,0.022222222,0.811111112,0,0.005555556,0.005555556,1763,1820
"265","VT",44.69,-72.23,48,0.333333334,0.041666667,0.541666666,0,0,0,1763,1820
"266","VT",44.6583,-72.0433,87,0.298850575,0.045977011,0.586206898,0,0,0,1763,1820
"267","VT",44.6517,-71.83,138,0.594202898,0,0.347826086,0,0,0,1763,1820
"268","VT",44.645,-72.837,119,0.134453782,0.025210084,0.680672268,0,0,0,1763,1820
"269","VT",44.642,-73.123,412,0.009708738,0.082524272,0.776699029,0.002427184,0.002427184,0.024271845,1763,1820
"270","VT",44.64,-71.62,130,0.230769231,0.007692308,0.63076923,0,0,0,1763,1820
"271","VT",44.621,-72.566,90,0.233333333,0.011111111,0.533333334,0,0.011111111,0,1763,1820
"272","VT",44.5933,-73.03,244,0.040983607,0,0.844262296,0,0,0,1763,1820
"273","VT",44.57,-72.46,56,0.303571428,0.017857143,0.624999999,0,0,0,1763,1820
"274","VT",44.5533,-72.9167,246,0.158536585,0,0.776422766,0,0,0,1763,1820
"275","VT",44.5467,-73.1767,264,0,0.223484849,0.640151515,0.022727273,0.003787879,0.068181818,1763,1820
"276","VT",44.54,-72.007,72,0.152777778,0.013888889,0.708333334,0,0,0,1763,1820
"277","VT",44.523,-73.056,205,0.029268293,0.112195122,0.697560976,0.014634146,0,0.034146341,1763,1820
"278","VT",44.4967,-72.5133,448,0.325892857,0,0.551339286,0.002232143,0,0,1763,1820
"279","VT",44.4933,-72.8017,193,0.113989637,0,0.787564766,0,0,0,1763,1820
"280","VT",44.48,-72.24,52,0.307692308,0,0.615384615,0,0,0,1763,1820
"281","VT",44.478,-72.969,341,0.049853372,0.026392962,0.850439884,0.005865103,0,0,1763,1820
"282","VT",44.4705,-71.7202,94,0.404255319,0.021276596,0.457446808,0,0,0,1763,1820
"283","VT",44.46,-73.19,240,0.058333333,0.183333334,0.570833333,0.004166667,0.004166667,0.066666667,1763,1820
"284","VT",44.44,-72.0033,90,0.077777777,0.011111111,0.677777778,0.011111111,0,0,1763,1820
"285","VT",44.4317,-72.1583,285,0.192982456,0.010526316,0.754385965,0,0,0,1763,1820
"286","VT",44.431,-73.087,318,0.006289308,0.031446541,0.827044026,0.003144654,0.006289308,0.012578616,1763,1820
"287","VT",44.4067,-72.8617,153,0.333333333,0,0.562091503,0,0.013071895,0.006535948,1763,1820
"288","VT",44.405,-72.295,82,0.304878048,0.036585366,0.609756098,0,0,0,1763,1820
"289","VT",44.3854,-72.7443,185,0.108108108,0.016216216,0.610810811,0,0,0,1763,1820
"290","VT",44.385,-73.21,61,0,0.016393443,0.803278687,0,0.016393443,0.032786885,1763,1820
"291","VT",44.3804,-71.9617,62,0.241935484,0.080645161,0.500000001,0,0,0.032258065,1763,1820
"292","VT",44.37,-72.4633,167,0.149700599,0,0.688622755,0,0,0,1763,1820
"293","VT",44.3617,-73.05667,122,0.06557377,0.016393443,0.803278687,0,0.016393443,0.016393443,1763,1820
"294","VT",44.3347,-72.6335,147,0.204081632,0.013605442,0.551020408,0,0,0,1763,1820
"295","VT",44.33,-72.2,88,0.397727273,0,0.534090909,0,0,0,1763,1820
"296","VT",44.325,-72.079,121,0.082644628,0.099173553,0.644628099,0,0.008264463,0,1763,1820
"297","VT",44.324,-72.95,378,0.063492063,0.005291005,0.772486772,0,0,0.002645503,1763,1820
"298","VT",44.3111,-73.228,274,0,0.065693431,0.806569342,0.00729927,0,0.02189781,1763,1820
"299","VT",44.3067,-72.82,228,0.214912281,0,0.662280701,0,0.00877193,0,1763,1820
"300","VT",44.3,-72.37,76,0.302631579,0.013157895,0.57894737,0,0,0,1763,1820
"301","VT",44.285,-72.52,186,0.123655914,0,0.655913978,0,0,0,1763,1820
"302","VT",44.2596,-72.7198,780,0.191025641,0,0.669230769,0,0,0,1763,1820
"303","VT",44.24,-73.02,81,0.234567901,0.012345679,0.604938271,0.012345679,0.012345679,0,1763,1820
"304","VT",44.2383,-72.23,941,0.2858661,0.004250798,0.547290117,0,0,0,1763,1820
"305","VT",44.226,-72.115,591,0.104906938,0.0321489,0.668358715,0.001692047,0,0.003384095,1763,1820
"306","VT",44.2167,-73.2433,104,0.028846154,0.115384616,0.663461537,0.009615385,0.01923077,0.076923077,1763,1820
"307","VT",44.21,-72.61,98,0.12244898,0.020408163,0.6122449,0,0,0,1763,1820
"308","VT",44.18,-73.1,191,0.02617801,0.062827225,0.795811517,0.005235602,0,0.015706806,1763,1820
"309","VT",44.14,-73.32,196,0,0.168367347,0.576530612,0,0.025510204,0.183673469,1763,1820
"310","VT",44.1318,-72.3843,96,0.104166667,0.010416667,0.812500001,0,0,0,1763,1820
"311","VT",44.114,-72.127,309,0.04854369,0.100323625,0.501618124,0.003236246,0.006472492,0.084142395,1763,1820
"312","VT",44.11,-73.18,388,0,0.092783505,0.716494845,0,0.005154639,0.028350515,1763,1820
"313","VT",44.11,-72.54,57,0.052631579,0,0.736842106,0,0,0.01754386,1763,1820
"314","VT",44.1028,-72.8528,163,0.300613497,0,0.662576688,0,0,0,1763,1820
"315","VT",44.077,-73.335,147,0,0.108843537,0.680272109,0.027210884,0.013605442,0.115646259,1763,1820
"316","VT",44.0405,-73.225,304,0,0.118421053,0.723684211,0,0.006578947,0.042763158,1763,1820
"317","VT",44.0396,-72.299,250,0.104,0,0.764,0,0,0,1763,1820
"318","VT",44.034,-72.589,93,0.021505376,0,0.903225807,0,0.010752688,0,1763,1820
"319","VT",44.014,-72.165,100,0.01,0.03,0.68,0,0,0.01,1763,1820
"320","VT",44.0068,-73.1165,170,0.023529412,0.029411765,0.694117647,0.005882353,0.005882353,0.029411765,1763,1820
"321","VT",43.99,-73.01,161,0.366459627,0.00621118,0.54658385,0,0.00621118,0,1763,1820
"322","VT",43.984,-73.339,139,0,0.057553957,0.762589929,0.014388489,0.021582734,0.107913669,1763,1820
"323","VT",43.972,-73.213,598,0.001672241,0.065217391,0.760869565,0,0.011705686,0.005016722,1763,1820
"324","VT",43.952,-72.623,86,0.069767442,0,0.709302326,0,0,0,1763,1820
"325","VT",43.95,-72.3,229,0.069868995,0,0.772925763,0,0,0.008733624,1763,1820
"326","VT",43.9317,-72.205,239,0.020920502,0,0.652719666,0,0,0.008368201,1763,1820
"327","VT",43.92,-72.91,258,0.244186047,0,0.713178295,0,0.003875969,0,1763,1820
"328","VT",43.92,-73.12,333,0.012012012,0.096096096,0.699699699,0,0.006006006,0.048048048,1763,1820
"329","VT",43.901,-72.4875,148,0.006756757,0,0.743243244,0,0,0,1763,1820
"330","VT",43.88,-73.3067,516,0,0.112403101,0.736434107,0.021317829,0.013565891,0.081395349,1763,1820
"331","VT",43.8733,-72.3617,77,0.012987013,0,0.870129871,0,0,0,1763,1820
"332","VT",43.85,-72.67,139,0.079136691,0,0.697841726,0,0,0,1763,1820
"333","VT",43.835,-73.185,173,0,0.12716763,0.670520232,0.005780347,0.005780347,0.023121387,1763,1820
"334","VT",43.805,-73.2967,426,0,0.11971831,0.687793427,0,0.009389671,0.049295775,1763,1820
"335","VT",43.7883,-72.4567,371,0.005390836,0.008086253,0.811320754,0,0,0.02425876,1763,1820
"336","VT",43.778,-72.94,97,0.175257732,0,0.804123712,0,0,0,1763,1820
"337","VT",43.752,-72.324,176,0,0.090909091,0.47159091,0,0.005681818,0.022727273,1763,1820
"338","VT",43.73,-72.626,506,0.106719368,0,0.679841897,0,0.001976285,0.001976285,1763,1820
"339","VT",43.7217,-73.3117,676,0,0.035502959,0.701183432,0,0.01331361,0.026627219,1763,1820
"340","VT",43.71,-73.0333,1019,0.036310108,0.040235525,0.765456331,0.008832188,0.000981354,0.058881256,1763,1820
"341","VT",43.7067,-73.175,437,0,0.043478261,0.697940504,0.006864989,0,0.029748284,1763,1820
"342","VT",43.6675,-72.3858,85,0.011764706,0.117647059,0.482352942,0,0,0.094117647,1763,1820
"343","VT",43.653,-72.806,48,0.291666666,0,0.541666667,0,0,0,1763,1820
"344","VT",43.6467,-72.9083,188,0.170212766,0,0.70212766,0,0,0,1763,1820
"345","VT",43.631,-73.335,660,0.003030303,0.077272727,0.633333334,0,0.013636364,0.072727273,1763,1820
"346","VT",43.62,-72.67,245,0.146938776,0,0.70612245,0,0,0,1763,1820
"347","VT",43.62,-73.016,351,0.014245014,0.062678063,0.754985754,0.008547009,0.002849003,0.054131054,1763,1820
"348","VT",43.596,-72.556,130,0.030769231,0,0.761538463,0,0,0,1763,1820
"349","VT",43.5333,-72.99,517,0.00967118,0.011605416,0.812379112,0,0,0.017408124,1763,1820
"350","VT",43.53,-73.19,653,0.003062787,0.006125574,0.877488514,0.001531394,0.012251149,0.039816233,1763,1820
"351","VT",43.53,-72.7233,567,0.165784832,0.001763668,0.682539682,0,0.003527337,0.007054674,1763,1820
"352","VT",43.515,-72.865,642,0.250778817,0,0.671339563,0,0.003115265,0.001557632,1763,1820
"353","VT",43.5017,-72.5867,332,0.111445783,0,0.73493976,0,0.003012048,0,1763,1820
"354","VT",43.4517,-73.07,182,0.065934066,0,0.895604394,0,0,0,1763,1820
"355","VT",43.428,-73.203,742,0.004043127,0.052560647,0.75606469,0.004043127,0.014824798,0.103773585,1763,1820
"356","VT",43.407,-72.7636,339,0.271386431,0,0.631268437,0,0,0.002949853,1763,1820
"357","VT",43.4,-72.6,61,0.147540984,0,0.672131147,0,0,0,1763,1820
"358","VT",43.3517,-73.0367,180,0.177777778,0,0.755555557,0,0.016666667,0,1763,1820
"359","VT",43.351,-72.965,204,0.019607843,0.009803922,0.627450981,0.004901961,0.009803922,0.004901961,1763,1820
"360","VT",43.3467,-73.1733,819,0.007326007,0.012210012,0.847374847,0.004884005,0.010989011,0.043956044,1763,1820
"361","VT",43.29,-72.48,84,0.011904762,0.035714286,0.619047619,0,0,0.011904762,1763,1820
"362","VT",43.289,-72.618,228,0.048245614,0.004385965,0.587719298,0,0,0.004385965,1763,1820
"363","VT",43.267,-73.183,241,0.004149378,0,0.941908714,0.008298755,0.004149378,0.024896266,1763,1820
"364","VT",43.2567,-73.0567,431,0.027842227,0.002320186,0.911832946,0,0.002320186,0.018561485,1763,1820
"365","VT",43.191,-72.763,203,0.256157635,0,0.453201969,0,0,0,1763,1820
"366","VT",43.18,-73.0767,119,0.168067227,0,0.697478992,0,0,0.025210084,1763,1820
"367","VT",43.17,-73.1983,275,0.029090909,0.003636364,0.716363636,0.010909091,0.007272727,0.225454545,1763,1820
"368","VT",43.1667,-72.9333,144,0.194444444,0,0.618055556,0,0,0,1763,1820
"369","VT",43.085,-73.0483,219,0.351598173,0,0.520547946,0.00913242,0.01826484,0.00456621,1763,1820
"370","VT",43.077,-73.218,573,0.010471204,0.005235602,0.705061081,0.006980803,0.005235602,0.239092496,1763,1820
"371","VT",43.069,-72.938,93,0.344086021,0,0.559139784,0,0,0,1763,1820
"372","VT",43.065,-72.6583,149,0.046979866,0,0.610738255,0,0,0.006711409,1763,1820
"373","VT",43.0534,-72.514,746,0,0.042895442,0.601876676,0.002680965,0.00536193,0.030831099,1763,1820
"374","VT",42.995,-72.54,255,0.003921569,0.043137255,0.462745098,0.007843137,0,0.074509804,1763,1820
"375","VT",42.8913,-73.078,73,0.260273973,0,0.547945205,0,0,0,1763,1820
"376","VT",42.88,-72.8917,584,0.171232877,0,0.618150686,0,0,0,1763,1820
"377","VT",42.877,-72.747,772,0.094559585,0.001295337,0.608808291,0,0.002590674,0.027202073,1763,1820
"378","VT",42.86,-72.623,108,0,0.037037037,0.583333334,0.009259259,0,0.055555556,1763,1820
"379","VT",42.7883,-73.2167,253,0.011857708,0.059288538,0.470355731,0.035573123,0.031620553,0.359683794,1763,1820
"380","VT",42.784,-72.868,529,0.147448015,0,0.61436673,0,0.001890359,0,1763,1820
"381","VT",42.78,-72.62,102,0,0.009803922,0.627450982,0,0,0.019607843,1763,1820
"382","VT",42.779,-72.7458,111,0.09009009,0,0.549549549,0,0,0.009009009,1763,1820
"383","VT",42.7526,-72.52815,74,0,0.108108108,0.391891893,0.027027027,0.067567568,0.283783784,1763,1820
"384","MA",42.87,-70.99,258,0,0.065891473,0.182170543,0,0.058139535,0.658914729,1623,1835
"385","MA",42.8448,-70.8622,107,0,0.214953271,0.224299066,0,0.028037383,0.439252336,1623,1835
"386","MA",42.8,-71.1,459,0,0.159041394,0.174291938,0.008714597,0.030501089,0.60130719,1623,1835
"387","MA",42.7932,-70.898,92,0,0.010869565,0.086956521,0.02173913,0.097826087,0.739130435,1623,1835
"388","MA",42.7182,-70.9278,54,0,0.055555556,0.166666668,0.055555556,0.12962963,0.592592593,1623,1835
"389","MA",42.6933,-73.2317,517,0.001934236,0.023210832,0.767891683,0,0.01934236,0.135396518,1623,1835
"390","MA",42.685,-72.45,89,0.02247191,0.168539326,0.15730337,0,0.04494382,0.573033708,1623,1835
"391","MA",42.685,-72.716,165,0,0,0.612121212,0.006060606,0.018181818,0.012121212,1623,1835
"392","MA",42.6838,-71.3077,102,0,0.490196078,0.029411765,0.009803922,0,0.470588235,1623,1835
"393","MA",42.6817,-72.1917,198,0.053030303,0.181818182,0.378787878,0.04040404,0.005050505,0.060606061,1623,1835
"394","MA",42.68,-71.75,216,0.00462963,0.291666667,0.416666666,0.009259259,0,0.236111111,1623,1835
"395","MA",42.678,-71.01183,93,0,0.043010753,0.043010753,0,0.075268817,0.806451613,1623,1835
"396","MA",42.6767,-72.05,146,0.04109589,0.260273973,0.404109588,0,0.01369863,0,1623,1835
"397","MA",42.6617,-73.115,90,0.044444444,0.011111111,0.766666666,0.022222222,0,0.088888889,1623,1835
"398","MA",42.65983,-70.835167,609,0,0.133004926,0.22003284,0.006568144,0.042692939,0.389162562,1623,1835
"399","MA",42.6578,-71.1313,3153,0,0.040596258,0.093244529,0.004123057,0.13320647,0.720900729,1623,1835
"400","MA",42.64,-70.9412,125,0,0.032,0.12,0.048,0.088,0.704,1623,1835
"401","MA",42.64,-72.82,229,0,0.074235808,0.49344978,0.004366812,0.013100437,0.122270742,1623,1835
"402","MA",42.63,-72.58,111,0.072072072,0.162162162,0.261261261,0.009009009,0.036036036,0.342342342,1623,1835
"403","MA",42.63,-72.32,53,0,0.075471698,0.62264151,0,0,0.075471698,1623,1835
"404","MA",42.6297,-70.6725,370,0,0.210810811,0.118918919,0,0.016216216,0.375675676,1623,1835
"405","MA",42.6157,-71.5833,293,0.003412969,0.389078498,0.058020477,0.003412969,0.034129693,0.508532423,1623,1835
"406","MA",42.6017,-71.7733,106,0,0.216981132,0.330188679,0.037735849,0.028301887,0.320754717,1623,1835
"407","MA",42.595,-72.215,281,0,0.352313167,0.266903914,0.021352313,0.010676157,0.163701068,1623,1835
"408","MA",42.59,-71.38,938,0.001066098,0.12793177,0.019189765,0.008528785,0.095948827,0.747334755,1623,1835
"409","MA",42.58,-72.91,100,0.03,0,0.73,0,0,0,1623,1835
"410","MA",42.57,-70.91,1030,0.000970874,0.201941748,0.168932039,0.008737864,0.038834951,0.490291262,1623,1835
"411","MA",42.57,-72.08,202,0.01980198,0.163366337,0.495049505,0.02970297,0.004950495,0.034653465,1623,1835
"412","MA",42.56,-71.13,113,0.008849558,0.292035398,0.221238938,0,0.061946903,0.398230088,1623,1835
"413","MA",42.5552,-71.2595,998,0.017034068,0.322645291,0.084168337,0.00501002,0.018036072,0.544088176,1623,1835
"414","MA",42.55,-72.41,131,0.022900763,0.038167939,0.595419847,0.022900763,0.038167939,0.083969466,1623,1835
"415","MA",42.55,-71.92,245,0.044897959,0.073469388,0.522448981,0.024489796,0,0.07755102,1623,1835
"416","MA",42.545,-72.5183,165,0.018181818,0.157575758,0.169696969,0.012121212,0.066666667,0.551515152,1623,1835
"417","MA",42.53,-73.23,109,0,0,0.798165139,0,0,0.009174312,1623,1835
"418","MA",42.525,-71.7767,254,0,0.137795276,0.200787401,0.019685039,0.019685039,0.594488189,1623,1835
"419","MA",42.52,-72.82,464,0.034482759,0,0.69827586,0.002155172,0.002155172,0.017241379,1623,1835
"420","MA",42.51,-72.71,114,0.00877193,0.00877193,0.666666665,0,0.00877193,0.043859649,1623,1835
"421","MA",42.51,-73.04,68,0.132352941,0,0.705882352,0,0,0,1623,1835
"422","MA",42.49,-71.57,166,0,0.090361446,0.054216868,0.018072289,0.084337349,0.746987952,1623,1835
"423","MA",42.482,-72.0033,74,0.027027027,0.378378378,0.310810812,0.054054054,0.027027027,0.121621622,1623,1835
"424","MA",42.48,-72.49,156,0.019230769,0.070512821,0.192307692,0.019230769,0.057692308,0.634615385,1623,1835
"425","MA",42.48,-71,113,0,0.14159292,0.070796461,0.017699115,0.061946903,0.681415929,1623,1835
"426","MA",42.48,-72.3233,63,0.079365079,0.396825397,0.174603175,0,0.031746032,0.317460317,1623,1835
"427","MA",42.48,-72.19,359,0,0.225626741,0.311977716,0.04178273,0.011142061,0.311977716,1623,1835
"428","MA",42.48,-71.17,91,0,0.153846154,0.208791209,0.010989011,0.032967033,0.582417582,1623,1835
"429","MA",42.4667,-72.5583,115,0,0.217391304,0.165217391,0.017391304,0.060869565,0.513043478,1623,1835
"430","MA",42.46,-71.69,198,0,0.156565657,0.06060606,0.005050505,0.025252525,0.747474747,1623,1835
"431","MA",42.46,-72.42,188,0.005319149,0.10106383,0.420212766,0.010638298,0.021276596,0.335106383,1623,1835
"432","MA",42.4583,-71.8767,426,0.004694836,0.218309859,0.375586855,0.042253521,0.028169014,0.262910798,1623,1835
"433","MA",42.4557,-71.3617,343,0,0.172011662,0.078717202,0,0.174927114,0.574344023,1623,1835
"434","MA",42.45,-73.28,185,0.005405405,0.021621622,0.627027027,0.010810811,0.010810811,0.021621622,1623,1835
"435","MA",42.44,-72.89,113,0.17699115,0,0.672566372,0,0,0,1623,1835
"436","MA",42.435,-71.6107,186,0,0.161290323,0.059139784,0.005376344,0.053763441,0.720430108,1623,1835
"437","MA",42.43,-73.06,47,0.191489362,0,0.702127659,0,0,0,1623,1835
"438","MA",42.4233,-72.1033,50,0,0.12,0.3,0.04,0.02,0.44,1623,1835
"439","MA",42.42,-71.51,602,0.00166113,0.327242525,0.028239202,0.014950166,0.019933555,0.606312292,1623,1835
"440","MA",42.3955,-71.1587,130,0,0.069230769,0.053846154,0.007692308,0.084615385,0.776923077,1623,1835
"441","MA",42.39,-73.37,90,0,0.022222222,0.744444444,0,0.011111111,0.155555556,1623,1835
"442","MA",42.3833,-72.4083,241,0,0.199170124,0.257261411,0.045643154,0.062240664,0.423236515,1623,1835
"443","MA",42.3783,-71.97,91,0.010989011,0.098901099,0.395604396,0.021978022,0.010989011,0.351648352,1623,1835
"444","MA",42.3782,-73.2723,163,0,0.006134969,0.687116565,0,0.030674847,0.190184049,1623,1835
"445","MA",42.3772,-71.397,142,0.007042254,0.161971831,0.049295775,0.021126761,0.070422535,0.683098592,1623,1835
"446","MA",42.36,-72.31,231,0.012987013,0.562770563,0.164502165,0,0.004329004,0.246753247,1623,1835
"447","MA",42.36,-72.21,171,0,0.269005848,0.11111111,0.01754386,0.052631579,0.538011696,1623,1835
"448","MA",42.355,-71.86,535,0,0.248598131,0.207476636,0.022429907,0.020560748,0.424299065,1623,1835
"449","MA",42.3483,-72.0467,192,0,0.078125,0.109375,0.026041667,0.046875,0.713541667,1623,1835
"450","MA",42.34,-71.11,122,0,0.016393443,0.131147542,0,0.213114754,0.606557377,1623,1835
"451","MA",42.3117,-73.2383,388,0.00257732,0.036082474,0.582474227,0.00257732,0.015463918,0.069587629,1623,1835
"452","MA",42.31,-73.35,226,0.004424779,0.084070796,0.548672567,0.026548673,0.022123894,0.115044248,1623,1835
"453","MA",42.3068,-71.7225,676,0,0.24852071,0.144970414,0.020710059,0.054733728,0.528106509,1623,1835
"454","MA",42.3,-72.91,412,0,0,0.643203883,0,0.012135922,0.002427184,1623,1835
"455","MA",42.2926,-71.1283,162,0,0.018518519,0.098765433,0.012345679,0.148148148,0.722222222,1623,1835
"456","MA",42.29,-73.07,774,0.062015504,0.006459948,0.639534884,0,0.00129199,0.003875969,1623,1835
"457","MA",42.287,-71.3572,105,0,0.057142857,0.057142857,0.00952381,0.076190476,0.8,1623,1835
"458","MA",42.2805,-71.808,240,0,0.075,0.125000001,0.0125,0.033333333,0.729166667,1623,1835
"459","MA",42.28,-72.41,158,0,0.405063291,0.139240507,0,0.03164557,0.392405063,1623,1835
"460","MA",42.28,-72.7,610,0.057377049,0.17704918,0.188524589,0.026229508,0.040983607,0.450819672,1623,1835
"461","MA",42.268,-72.5042,904,0.007743363,0.216814159,0.152654867,0.013274336,0.071902655,0.530973451,1623,1835
"462","MA",42.2593,-72.5862,288,0.003472222,0.329861111,0.059027777,0.013888889,0.038194444,0.538194444,1623,1835
"463","MA",42.2463,-72.1163,1335,0.004494382,0.090636704,0.102621723,0.011235955,0.047191012,0.737078652,1623,1835
"464","MA",42.2407,-71.9508,306,0.003267974,0.107843137,0.434640524,0,0,0.31372549,1623,1835
"465","MA",42.24,-71.24,116,0,0.060344828,0.224137931,0.00862069,0.060344828,0.594827586,1623,1835
"466","MA",42.2395,-71.0845,67,0,0.014925373,0.104477611,0.014925373,0.194029851,0.656716418,1623,1835
"467","MA",42.23,-73.21,248,0.092741935,0.012096774,0.548387097,0,0,0.008064516,1623,1835
"468","MA",42.2235,-71.5442,93,0,0.096774194,0.096774193,0.010752688,0.032258065,0.731182796,1623,1835
"469","MA",42.21,-70.91,189,0.095238095,0.052910053,0.19047619,0,0.084656084,0.46031746,1623,1835
"470","MA",42.2033,-73.3633,136,0.014705882,0.125,0.294117647,0.029411765,0.029411765,0.360294118,1623,1835
"471","MA",42.203,-71.6823,343,0,0.239067055,0.110787172,0.034985423,0.026239067,0.588921283,1623,1835
"472","MA",42.2,-71.38,71,0,0.253521127,0.112676056,0.014084507,0.028169014,0.577464789,1623,1835
"473","MA",42.185,-72.3007,914,0.001094092,0.271334792,0.131291028,0.013129103,0.077680525,0.496717724,1623,1835
"474","MA",42.18,-70.8,513,0.050682261,0.062378168,0.362573099,0.001949318,0.064327486,0.442495127,1623,1835
"475","MA",42.17,-73.44,216,0,0.162037037,0.236111113,0.018518519,0.083333334,0.472222222,1623,1835
"476","MA",42.15,-71.77,136,0,0.139705882,0.117647059,0.007352941,0.036764706,0.691176471,1623,1835
"477","MA",42.1317,-71.9728,651,0,0.112135177,0.193548386,0.024577573,0.044546851,0.619047619,1623,1835
"478","MA",42.13,-72.53,827,0.006045949,0.246674728,0.067714631,0.020556227,0.027811366,0.622732769,1623,1835
"479","MA",42.12,-73.3617,2367,0.018166455,0.197296155,0.269539501,0.018588931,0.043514998,0.362484157,1623,1835
"480","MA",42.1185,-70.7233,96,0.010416667,0.21875,0.083333333,0,0.052083333,0.635416667,1623,1835
"481","MA",42.115,-73.1217,858,0.002331002,0.009324009,0.71095571,0.001165501,0.004662005,0.005827506,1623,1835
"482","MA",42.11,-72.24,2040,0.001470588,0.095588235,0.214215686,0.021078431,0.095588235,0.56127451,1623,1835
"483","MA",42.11,-71.58,1117,0,0.097582811,0.15487914,0.009847807,0.000895255,0.714413608,1623,1835
"484","MA",42.11,-72.78,166,0.006024096,0.126506024,0.228915662,0.006024096,0.024096386,0.542168675,1623,1835
"485","MA",42.1,-73.24,943,0.006362673,0.09650053,0.562036055,0.010604454,0.023329799,0.169671262,1623,1835
"486","MA",42.099,-72.0847,435,0,0.137931034,0.190804599,0.018390805,0.052873563,0.547126437,1623,1835
"487","MA",42.09,-73.46,613,0,0.040783034,0.551386623,0.008156607,0.011419249,0.301794454,1623,1835
"488","MA",42.08,-71.88,267,0,0.224719101,0.179775281,0.014981273,0.037453184,0.501872659,1623,1835
"489","MA",42.08,-72.97,127,0,0.015748031,0.653543306,0,0.023622047,0.125984252,1623,1835
"490","MA",42.06,-70.78,240,0.0625,0.091666667,0.154166667,0,0.05,0.620833333,1623,1835
"491","MA",42.0555,-71.3628,76,0,0.157894737,0.105263158,0.013157895,0.078947368,0.605263158,1623,1835
"492","MA",42.0163,-70.062,425,0,0.437647059,0.004705882,0,0,0.548235294,1623,1835
"493","MA",42.0007,-70.9763,2038,0.005888126,0.054955839,0.208047105,0.002453386,0.028949951,0.666339549,1623,1835
"494","MA",41.95,-71.12,530,0,0.079245283,0.166037736,0.00754717,0.043396226,0.630188679,1623,1835
"495","MA",41.9,-70.6817,722,0.04432133,0.189750693,0.088642659,0.005540166,0.048476454,0.608033241,1623,1835
"496","MA",41.89,-71.3,3104,0.00257732,0.019329897,0.211018041,0.010309278,0.078608248,0.660760309,1623,1835
"497","MA",41.8783,-70.8973,2210,0.074208145,0.113122172,0.197737556,0.019004525,0.023529412,0.530769231,1623,1835
"498","MA",41.847,-69.9808,624,0,0.371794872,0.004807692,0.001602564,0.022435897,0.552884615,1623,1835
"499","MA",41.75,-71.21,492,0,0.040650407,0.215447154,0,0.105691057,0.595528455,1623,1835
"500","MA",41.7377,-70.8313,113,0,0.424778761,0.088495575,0,0.044247788,0.442477876,1623,1835
"501","MA",41.7262,-70.5308,82,0,0.170731707,0.012195122,0,0.073170732,0.707317073,1623,1835
"502","MA",41.722,-70.062,85,0,0.364705882,0,0,0.023529412,0.576470588,1623,1835
"503","MA",41.6955,-70.1858,548,0,0.698905109,0.003649635,0,0.005474453,0.237226277,1623,1835
"504","MA",41.6803,-70.3505,261,0,0.471264368,0.011494253,0,0.01532567,0.448275862,1623,1835
"505","MA",41.6747,-70.8257,2245,0.008908686,0.332293987,0.110022272,0.00311804,0.026726058,0.514922049,1623,1835
"506","MA",41.63,-70.99,2062,0.023278371,0.193986421,0.159068865,0.013579049,0.080019399,0.498060136,1623,1835
"507","MA",41.5987,-70.5898,156,0,0.269230769,0,0,0.115384615,0.58974359,1623,1835
"508","MA",41.396,-70.5993,68,0,0.161764706,0,0,0.058823529,0.764705882,1623,1835
"509","MA",41.273,-70.05,47,0,0,0,0,0.340425532,0.468085106,1623,1835
"510","CT",42.0008,-72.68917,280,0.003571429,0.107142857,0.135714286,0.014285714,0.060714286,0.671428571,1642,1818
"511","CT",41.996,-72.1657,122,0.032786885,0.172131148,0.24590164,0.016393443,0.057377049,0.418032787,1642,1818
"512","CT",41.9918,-73.428,1603,0.012476606,0.042420462,0.289457268,0.0205864,0.165315035,0.437305053,1642,1818
"513","CT",41.9872,-72.3045,714,0,0.042016807,0.198879551,0.019607843,0.043417366,0.676470588,1642,1818
"514","CT",41.9828,-73.0828,180,0,0,0.705555556,0,0,0.016666667,1642,1818
"515","CT",41.9793,-73.3112,1698,0.000588928,0.098939929,0.237926973,0.017667845,0.105418139,0.42343934,1642,1818
"516","CT",41.979,-72.559,343,0.002915452,0.253644315,0.081632653,0,0.008746356,0.647230321,1642,1818
"517","CT",41.9772,-72.02967,250,0.004,0.024,0.136,0.028,0.1,0.676,1642,1818
"518","CT",41.9757,-73.1973,1175,0.007659574,0.017021277,0.678297872,0.000851064,0.009361702,0.036595745,1642,1818
"519","RI",41.93,-71.69,163,0,0.042944785,0.073619633,0.006134969,0.09202454,0.760736196,1642,1818
"520","CT",41.9293,-72.9633,94,0,0.021276596,0.510638298,0.010638298,0,0.074468085,1642,1818
"521","CT",41.91,-71.86,1164,0,0.099656357,0.05670103,0.004295533,0.036082475,0.797250859,1642,1818
"522","CT",41.8997,-72.2582,532,0,0.005639098,0.182330826,0.020676692,0.052631579,0.69924812,1642,1818
"523","CT",41.8922,-72.1412,429,0,0.009324009,0.163170163,0.013986014,0.065268065,0.731934732,1642,1818
"524","CT",41.8813,-72.3727,385,0,0.031168831,0.119480519,0.020779221,0.096103896,0.72987013,1642,1818
"525","CT",41.873,-71.9985,156,0,0.064102564,0.115384615,0,0.070512821,0.711538462,1642,1818
"526","RI",41.87,-71.36,3096,0.002583979,0.019379845,0.199612402,0.010335917,0.07881137,0.6624677,1642,1818
"527","CT",41.87,-72.86,534,0.020599251,0.146067416,0.153558053,0.009363296,0.102996255,0.558052434,1642,1818
"528","CT",41.87,-72.57,77,0.025974026,0.038961039,0.155844156,0.090909091,0.064935065,0.623376623,1642,1818
"529","CT",41.86,-73.3373,605,0,0.046280992,0.34214876,0.009917355,0.109090909,0.416528926,1642,1818
"530","CT",41.8563,-73.448,1328,0.002259036,0.004518072,0.265813253,0.010542169,0.149096385,0.547439759,1642,1818
"531","CT",41.8512,-73.0012,136,0,0.014705882,0.257352941,0.014705882,0.051470588,0.566176471,1642,1818
"532","CT",41.8465,-73.2297,1180,0.034745763,0.016949153,0.677966101,0.007627119,0.018644068,0.099152542,1642,1818
"533","CT",41.8303,-73.1137,59,0.016949153,0,0.52542373,0,0.06779661,0.237288136,1642,1818
"534","CT",41.81,-72.45,445,0,0.071910112,0.186516854,0.017977528,0.137078652,0.573033708,1642,1818
"535","RI",41.8,-71.48,1879,0.000532198,0.086216072,0.136242683,0.00532198,0.067056945,0.700372539,1642,1818
"536","RI",41.79,-71.67,186,0,0.059139785,0.102150537,0.005376344,0.086021505,0.741935484,1642,1818
"537","CT",41.7823,-72.3475,669,0,0.013452915,0.121076234,0.022421525,0.177877429,0.650224215,1642,1818
"538","CT",41.7798,-72.2092,1056,0.00094697,0.009469697,0.157196969,0.005681818,0.080492424,0.733901515,1642,1818
"539","CT",41.76,-73.064,67,0,0.014925373,0.223880596,0.044776119,0.104477612,0.582089552,1642,1818
"540","CT",41.74,-73.41,176,0,0.005681818,0.318181817,0,0.028409091,0.596590909,1642,1818
"541","CT",41.73,-73.2,593,0,0.02698145,0.295109612,0.02698145,0.089376054,0.536256324,1642,1818
"542","RI",41.72,-71.3,427,0,0.044496487,0.213114753,0,0.105386416,0.611241218,1642,1818
"543","CT",41.713,-72.1588,858,0,0.004662005,0.150349649,0.009324009,0.087412587,0.738927739,1642,1818
"544","RI",41.7004,-71.492,193,0.010362694,0.031088083,0.155440414,0,0.056994819,0.715025907,1642,1818
"545","CT",41.6948,-72.0043,859,0,0.027939464,0.102444703,0.013969732,0.083818394,0.755529686,1642,1818
"546","CT",41.6935,-72.5508,197,0.005076142,0.060913706,0.157360406,0.005076142,0.157360406,0.614213198,1642,1818
"547","CT",41.6933,-71.8957,751,0,0.047936085,0.083888149,0.009320905,0.073235686,0.777629827,1642,1818
"548","CT",41.66,-72.3737,646,0,0,0.178018577,0.012383901,0.137770898,0.671826625,1642,1818
"549","CT",41.6325,-72.2453,528,0,0.001893939,0.202651515,0.018939394,0.15719697,0.609848485,1642,1818
"550","RI",41.63,-71.58,93,0,0,0.129032258,0,0.247311828,0.612903226,1642,1818
"551","CT",41.63,-71.82,757,0.001321004,0.096433289,0.150594451,0.005284016,0.047556143,0.673712021,1642,1818
"552","RI",41.6053,-71.1748,684,0.004385965,0.058479532,0.099415205,0.002923977,0.147660818,0.656432749,1642,1818
"553","CT",41.59,-73.06,2821,0.000708968,0.000354484,0.157390995,0.007089685,0.091102446,0.739454094,1642,1818
"554","CT",41.5725,-72.1078,448,0.002232143,0.006696429,0.113839286,0.002232143,0.131696429,0.736607143,1642,1818
"555","CT",41.57,-73.41,2853,0.004556607,0.002453558,0.184016824,0.012968805,0.162285314,0.621100596,1642,1818
"556","CT",41.57,-72.36,534,0,0.003745318,0.17977528,0.018726592,0.131086142,0.657303371,1642,1818
"557","RI",41.56,-71.52,52,0,0,0.211538461,0,0.096153846,0.673076923,1642,1818
"558","CT",41.56,-73.24,1595,0.000626959,0.001880878,0.177429468,0.005015674,0.167398119,0.640752351,1642,1818
"559","CT",41.56,-71.96,488,0,0.010245902,0.139344264,0.004098361,0.049180328,0.795081967,1642,1818
"560","CT",41.5455,-72.6775,73,0,0.01369863,0.260273972,0,0.068493151,0.602739726,1642,1818
"561","RI",41.5267,-71.163,214,0,0,0.112149532,0,0.121495327,0.742990654,1642,1818
"562","CT",41.5,-72.8,556,0,0,0.242805755,0,0.14028777,0.598920863,1642,1818
"563","CT",41.48,-72.4,599,0,0.003338898,0.171953256,0.006677796,0.183639399,0.624373957,1642,1818
"564","CT",41.4713,-72.68167,902,0,0.007760532,0.337028824,0.001108647,0.148558758,0.464523282,1642,1818
"565","CT",41.4612,-72.546,272,0,0,0.150735295,0.007352941,0.1875,0.654411765,1642,1818
"566","RI",41.4433,-71.5233,54,0,0.055555556,0.185185187,0,0.092592593,0.648148148,1642,1818
"567","RI",41.44,-71.7067,216,0,0.083333333,0.171296297,0.00462963,0.101851852,0.638888889,1642,1818
"568","CT",41.4183,-71.8783,849,0.003533569,0.015312132,0.129564193,0.001177856,0.042402827,0.806831567,1642,1818
"569","CT",41.41,-73.31,278,0.010791367,0.003597122,0.190647481,0.007194245,0.129496403,0.64028777,1642,1818
"570","CT",41.41,-72.03,359,0,0.013927577,0.158774372,0,0.097493036,0.704735376,1642,1818
"571","CT",41.4,-73.1,159,0.006289308,0,0.264150943,0,0.176100629,0.540880503,1642,1818
"572","CT",41.3722,-72.136,348,0,0.011494253,0.195402298,0,0.129310345,0.632183908,1642,1818
"573","CT",41.366,-72.4587,264,0,0,0.159090909,0,0.147727273,0.689393939,1642,1818
"574","CT",41.3597,-72.279,2916,0.002057613,0,0.205418383,0,0.173182442,0.607681756,1642,1818
"575","CT",41.35,-72.56,4477,0.000223364,0,0.290819745,0,0.116595935,0.5729283,1642,1818
"576","CT",41.33,-72.78,297,0,0.003367003,0.326599325,0,0.127946128,0.481481481,1642,1818
"577","CT",41.33,-72.94,57,0,0,0.280701754,0,0.157894737,0.526315789,1642,1818
"578","CT",41.3092,-73.5082,201,0.004975124,0,0.358208956,0.009950249,0.089552239,0.482587065,1642,1818
"579","CT",41.3,-73.39,501,0,0,0.277445111,0.003992016,0.099800399,0.594810379,1642,1818
"580","CT",41.29,-73.18,75,0,0,0.359999999,0,0.053333333,0.573333333,1642,1818
"581","CT",41.21,-73.31,122,0.008130081,0,0.227642276,0,0.081300813,0.650406504,1642,1818
"582","CT",41.17,-73.44,443,0.002257336,0,0.187358917,0.002257336,0.164785553,0.618510158,1642,1818
"583","CT",41.0909,-73.6596,939,0,0,0.183173589,0,0.132055378,0.662406816,1642,1818
